{"ColorResolution":5,"ColorCameraCalibration":{"Intrinsics":{"Type":4,"ParameterCount":14,"Parameters":[1923.9835,1101.3164,1824.6584,1824.2755,-0.15578485,-2.295066,1.7044077,-0.2667167,-2.093499,1.6021338,0,0,-0.00036236068,-0.0003316065,0],"ResolutionWidth":3840,"ResolutionHeight":2160,"MetricRadius":1.7},"Extrinsics":{"Rotation":[0.99999833,0.001822122,-0.00013053008,-0.0018007735,0.9952528,0.09730675,0.0003072152,-0.097306356,0.99525446],"Translation":[-31.95656,-2.1475892,3.9939234]}},"DepthCameraCalibration":{"Intrinsics":{"Type":4,"ParameterCount":14,"Parameters":[516.9062,516.24677,504.89337,505.08942,3.2003884,1.7857107,0.07976567,3.532517,2.8220675,0.45442858,0,0,1.9350911E-05,0.00013027314,0],"ResolutionWidth":1024,"ResolutionHeight":1024,"MetricRadius":1.7399998},"Extrinsics":{"Rotation":[1,0,0,0,1,0,0,0,1],"Translation":[0,0,0]}},"DepthMode":4}